{
  "speed_range": [
    4.0,
    6.0
  ],
  "degree": 2,
  "scale_bounds": [
    0.3,
    5.0
  ],
  "training_data_summary": [
    {
      "speed": 4.0,
      "best_Q": -123.83808659097228,
      "src": "bo_bucketed_20260520_130211.json"
    },
    {
      "speed": 4.5,
      "best_Q": -120.20309290045068,
      "src": "bo_bucketed_20260520_141417.json"
    },
    {
      "speed": 5.0,
      "best_Q": -122.62345511307133,
      "src": "bo_bucketed_20260520_161711.json"
    },
    {
      "speed": 6.0,
      "best_Q": -141.3753624638599,
      "src": "bo_bucketed_20260520_164618.json"
    }
  ],
  "polys": {
    "q_cte_b0": [
      -3.6630712434021073,
      36.69166371878675,
      -87.87724449078858
    ],
    "q_lag_b0": [
      -2.0681423117775464,
      20.19902359801286,
      -46.682218123966734
    ],
    "q_v_b0": [
      0.4181045808819641,
      -4.951316739051209,
      17.96267044969786
    ],
    "q_drate_b0": [
      1.3780394601101946,
      -13.987100520118485,
      39.20982959723561
    ],
    "q_cte_b1": [
      1.7152953858440645,
      -17.00826543702717,
      44.144199010696454
    ],
    "q_lag_b1": [
      4.318699045785699,
      -43.151557997804915,
      108.45389856857027
    ],
    "q_v_b1": [
      -1.3139559003574897,
      14.774219166366795,
      -36.983435988837535
    ],
    "q_drate_b1": [
      2.8608813683731613,
      -28.940731235656376,
      74.92759365600362
    ],
    "q_cte_b2": [
      2.5025643314668202,
      -27.046027964388248,
      72.64865952866391
    ],
    "q_lag_b2": [
      1.1933266742839252,
      -12.112265743981848,
      34.62433468909848
    ],
    "q_v_b2": [
      0.44532789207108797,
      -3.4635670206035822,
      7.308271395885766
    ],
    "q_drate_b2": [
      0.5123050632696255,
      -6.09638955903208,
      21.009639004554785
    ]
  }
}