{"vel_scale":1.0, "overtaking": false, "N_p":6,"q_v":3,"gamma":6,"q_cte":3.8976233933967492,"q_lag":1,"q_dv":18.986578743749497,"q_d_delta":28,"q_dvp":15.719824063019335,"alpha":0.34366629619203104}