{"vel_scale":0.9, "overtaking": true, "N_p":5,"q_v":5.668894876891418,"gamma":9.5863371176988359,"q_cte":0.2,"q_lag":3,"q_dv":3.44336702674901,"q_d_delta":14,"q_dvp":7.60525043333379,"alpha":0.086371029368557478}